{
  "collaborative_filtering": {
    "rmse": 0.8925899798857629,
    "mae": 0.6847296292051708,
    "precision": 0.009000000000000001,
    "recall": 0.011145850930911907,
    "ndcg": 0.012118671427202927,
    "coverage": 0.04666715661056809
  },
  "content_based": {
    "rmse": 1.0691682381085426,
    "mae": 0.8420226410269476,
    "precision": 0.001,
    "recall": 0.0005745341614906832,
    "ndcg": 0.0006652600506786449,
    "coverage": 0.028955684574116264
  },
  "two_tower": {
    "rmse": 1.0307672260433804,
    "mae": 0.80553256267011,
    "precision": 0.0,
    "recall": 0.0,
    "ndcg": 0.0,
    "coverage": 0.08135518483133682
  }
}
