{
  "n_bootstrap": 1000,
  "ranking": {
    "collaborative": {
      "mean": {
        "precision@5": 0.28384305599331855,
        "precision@10": 0.19344015865027905,
        "precision@20": 0.11145595192164183,
        "recall@5": 0.38650129452347753,
        "recall@10": 0.48771978557109835,
        "recall@20": 0.538726756632328,
        "ndcg@5": 0.4262064433991909,
        "ndcg@10": 0.43890864539146424,
        "ndcg@20": 0.4449018713235855,
        "mrr": 0.5989555921554566
      },
      "std": {
        "precision@5": 0.0004322426904530938,
        "precision@10": 0.0002662202902261872,
        "precision@20": 0.000146888866378265,
        "recall@5": 0.0008473567662444897,
        "recall@10": 0.0008730319204549979,
        "recall@20": 0.0008716454597636111,
        "ndcg@5": 0.0007012575952980991,
        "ndcg@10": 0.0006709986991281859,
        "ndcg@20": 0.0006756334090691338,
        "mrr": 0.0008492824434180718
      }
    },
    "content_based": {
      "mean": {
        "precision@5": 0.22832582066953183,
        "precision@10": 0.1508304133117199,
        "precision@20": 0.08421918196976184,
        "recall@5": 0.3214920848309994,
        "recall@10": 0.40166966724395753,
        "recall@20": 0.4368986110985279,
        "ndcg@5": 0.3503710077702999,
        "ndcg@10": 0.35791928640007975,
        "ndcg@20": 0.359767648845911,
        "mrr": 0.5207809450626373
      },
      "std": {
        "precision@5": 0.0004242868855064275,
        "precision@10": 0.00025143414992371936,
        "precision@20": 0.00013648331442273724,
        "recall@5": 0.000789663555730742,
        "recall@10": 0.0008342855475706184,
        "recall@20": 0.0008551025158279577,
        "ndcg@5": 0.0006776643141701134,
        "ndcg@10": 0.0006525399449596606,
        "ndcg@20": 0.0006554004713230729,
        "mrr": 0.0009038903592346446
      }
    },
    "knn": {
      "mean": {
        "precision@5": 0.30810452422499657,
        "precision@10": 0.21239700247347354,
        "precision@20": 0.12400416205078363,
        "recall@5": 0.4133034005463123,
        "recall@10": 0.5225899233818054,
        "recall@20": 0.5803642511367798,
        "ndcg@5": 0.4585587801635265,
        "ndcg@10": 0.47326594614982603,
        "ndcg@20": 0.48124648413062093,
        "mrr": 0.6291056185960769
      },
      "std": {
        "precision@5": 0.0004589032546114304,
        "precision@10": 0.0002849386379308129,
        "precision@20": 0.00016192657552196424,
        "recall@5": 0.0008652375752921623,
        "recall@10": 0.0008939174375815857,
        "recall@20": 0.0008858435470630782,
        "ndcg@5": 0.0007086862645186012,
        "ndcg@10": 0.000682879910936721,
        "ndcg@20": 0.0006803398490366026,
        "mrr": 0.0008294329121922635
      }
    },
    "ncf": {
      "mean": {
        "precision@5": 0.3616237899661064,
        "precision@10": 0.25296983775496484,
        "precision@20": 0.15063898630440234,
        "recall@5": 0.4694210485517979,
        "recall@10": 0.5912559977173806,
        "recall@20": 0.6591837138533593,
        "ndcg@5": 0.530084888100624,
        "ndcg@10": 0.5467961156964302,
        "ndcg@20": 0.5574543859362602,
        "mrr": 0.692136426270008
      },
      "std": {
        "precision@5": 0.00047100645665949445,
        "precision@10": 0.00031260743270102026,
        "precision@20": 0.0001834078963503415,
        "recall@5": 0.0008373536518535191,
        "recall@10": 0.0008398549913959804,
        "recall@20": 0.0008023413656717172,
        "ndcg@5": 0.0006610656161846299,
        "ndcg@10": 0.0006317829027523222,
        "ndcg@20": 0.0006239056999531591,
        "mrr": 0.000769140398362341
      }
    },
    "two_tower": {
      "mean": {
        "precision@5": 0.40756878808140756,
        "precision@10": 0.2876377033293247,
        "precision@20": 0.17378537087142468,
        "recall@5": 0.5140673484802246,
        "recall@10": 0.6435660226345062,
        "recall@20": 0.717906539440155,
        "ndcg@5": 0.5901899693012238,
        "ndcg@10": 0.6073734049201012,
        "ndcg@20": 0.6196059029102325,
        "mrr": 0.7406794303655624
      },
      "std": {
        "precision@5": 0.00047492614517098415,
        "precision@10": 0.0003280365854842082,
        "precision@20": 0.00020672509499817087,
        "recall@5": 0.0008333939607476896,
        "recall@10": 0.0008149242358722284,
        "recall@20": 0.0007700589403966129,
        "ndcg@5": 0.0006385730912080687,
        "ndcg@10": 0.0006111639281959245,
        "ndcg@20": 0.0006094934794222405,
        "mrr": 0.000725679294825783
      }
    }
  }
}
